{
  "GetDetails-0" : {
    "transaction" : "GetDetails-0",
    "sampleCount" : 300,
    "errorCount" : 0,
    "errorPct" : 0.0,
    "meanResTime" : 2.2066666666666643,
    "medianResTime" : 1.0,
    "minResTime" : 0.0,
    "maxResTime" : 25.0,
    "pct1ResTime" : 5.0,
    "pct2ResTime" : 10.0,
    "pct3ResTime" : 19.99000000000001,
    "throughput" : 3.152154497599109,
    "receivedKBytesPerSec" : 0.5510113819045317,
    "sentKBytesPerSec" : 1.0496920739075157
  },
  "GetById-1" : {
    "transaction" : "GetById-1",
    "sampleCount" : 300,
    "errorCount" : 0,
    "errorPct" : 0.0,
    "meanResTime" : 25.306666666666683,
    "medianResTime" : 4.0,
    "minResTime" : 2.0,
    "maxResTime" : 2211.0,
    "pct1ResTime" : 46.0,
    "pct2ResTime" : 67.94999999999999,
    "pct3ResTime" : 309.06000000000085,
    "throughput" : 3.081157693650761,
    "receivedKBytesPerSec" : 0.46939511739210815,
    "sentKBytesPerSec" : 1.0170227543495676
  },
  "GetById-0" : {
    "transaction" : "GetById-0",
    "sampleCount" : 300,
    "errorCount" : 0,
    "errorPct" : 0.0,
    "meanResTime" : 2.9300000000000006,
    "medianResTime" : 1.0,
    "minResTime" : 0.0,
    "maxResTime" : 123.0,
    "pct1ResTime" : 4.900000000000034,
    "pct2ResTime" : 9.0,
    "pct3ResTime" : 26.970000000000027,
    "throughput" : 3.07723869114781,
    "receivedKBytesPerSec" : 0.5289004000410299,
    "sentKBytesPerSec" : 1.0157291773515233
  },
  "GetDetails" : {
    "transaction" : "GetDetails",
    "sampleCount" : 300,
    "errorCount" : 0,
    "errorPct" : 0.0,
    "meanResTime" : 10.730000000000006,
    "medianResTime" : 5.0,
    "minResTime" : 3.0,
    "maxResTime" : 136.0,
    "pct1ResTime" : 19.900000000000034,
    "pct2ResTime" : 48.0,
    "pct3ResTime" : 105.80000000000018,
    "throughput" : 3.1520882584712373,
    "receivedKBytesPerSec" : 1.1758766745468874,
    "sentKBytesPerSec" : 2.0993400315208826
  },
  "Total" : {
    "transaction" : "Total",
    "sampleCount" : 1800,
    "errorCount" : 0,
    "errorPct" : 0.0,
    "meanResTime" : 13.02111111111107,
    "medianResTime" : 4.0,
    "minResTime" : 0.0,
    "maxResTime" : 2339.0,
    "pct1ResTime" : 23.0,
    "pct2ResTime" : 48.0,
    "pct3ResTime" : 105.97000000000003,
    "throughput" : 18.462106526354656,
    "receivedKBytesPerSec" : 4.290997415305086,
    "sentKBytesPerSec" : 8.161308809501831
  },
  "GetById" : {
    "transaction" : "GetById",
    "sampleCount" : 300,
    "errorCount" : 0,
    "errorPct" : 0.0,
    "meanResTime" : 28.82000000000001,
    "medianResTime" : 6.0,
    "minResTime" : 3.0,
    "maxResTime" : 2339.0,
    "pct1ResTime" : 50.900000000000034,
    "pct2ResTime" : 77.74999999999994,
    "pct3ResTime" : 317.1500000000008,
    "throughput" : 3.077112437688473,
    "receivedKBytesPerSec" : 0.9976575481568096,
    "sentKBytesPerSec" : 2.0313750076927812
  },
  "GetDetails-1" : {
    "transaction" : "GetDetails-1",
    "sampleCount" : 300,
    "errorCount" : 0,
    "errorPct" : 0.0,
    "meanResTime" : 8.133333333333324,
    "medianResTime" : 4.0,
    "minResTime" : 2.0,
    "maxResTime" : 118.0,
    "pct1ResTime" : 16.0,
    "pct2ResTime" : 31.849999999999966,
    "pct3ResTime" : 95.75000000000023,
    "throughput" : 3.152320107599193,
    "receivedKBytesPerSec" : 0.6249228338306994,
    "sentKBytesPerSec" : 1.0497472233313718
  }
}